﻿[
  {
    "Title": "Tømme opvaskemaskine & flyde den igen",
    "IsCompleted": false
  },
  {
    "Title": "Tørre støv af",
    "IsCompleted": false
  },
  {
    "Title": "Dække bord + tørre bord af",
    "IsCompleted": false
  },
  {
    "Title": "Støvsuge hele huset",
    "IsCompleted": false
  },
  {
    "Title": "Vaske gulv",
    "IsCompleted": false
  },
  {
    "Title": "Hænge vasketøj op med en voksen",
    "IsCompleted": false
  },
  {
    "Title": "Skylle af efter aftensmaden",
    "IsCompleted": false
  },
  {
    "Title": "Pille tøj ned af tørrestativet",
    "IsCompleted": false
  },
  {
    "Title": "Lægge tøj sammen + lægge tøj på plads med en voksen",
    "IsCompleted": false
  },
  {
    "Title": "Tømme skraldespande",
    "IsCompleted": false
  },
  {
    "Title": "Ordne badeværelser med en voksen",
    "IsCompleted": false
  },
  {
    "Title": "Slå græs",
    "IsCompleted": false
  },
  {
    "Title": "Fejrne ukrudt (min. 1 spand)",
    "IsCompleted": false
  },
  {
    "Title": "Være med til at lave aftensmad",
    "IsCompleted": false
  },
  {
    "Title": "Fylde op i køleskab med sodavand",
    "IsCompleted": false
  },
  {
    "Title": "Give kattene mad",
    "IsCompleted": false
  },
  {
    "Title": "Rede senge (Alle)",
    "IsCompleted": false
  }
]
